,SP117655,SP117556,SP117627,SP117775
ACA,291,101,97,197
ACC,148,53,53,105
ACG,31,11,11,22
ACT,154,54,52,105
CCA,212,73,69,142
CCC,154,54,52,105
CCG,30,11,12,22
CCT,151,52,50,102
GCA,156,56,56,110
GCC,111,39,40,78
GCG,29,10,11,21
GCT,114,40,40,79
TCA,325,90,86,267
TCC,243,77,75,184
TCG,44,12,12,38
TCT,280,88,87,214
ACA,139,49,51,102
ACC,95,34,34,67
ACG,24,8,8,17
ACT,161,56,57,115
CCA,88,30,31,66
CCC,106,38,39,76
CCG,21,7,8,16
CCT,154,53,53,111
GCA,57,20,21,42
GCC,61,21,22,44
GCG,14,5,5,10
GCT,80,28,29,59
TCA,388,46,54,469
TCC,199,52,52,176
TCG,30,7,7,30
TCT,548,88,96,613
ACA,289,117,130,242
ACC,158,61,67,124
ACG,560,366,414,673
ACT,217,83,90,168
CCA,229,82,87,168
CCC,200,72,76,146
CCG,352,216,251,411
CCT,250,90,95,183
GCA,183,67,73,144
GCC,150,56,64,117
GCG,348,226,259,420
GCT,155,57,62,118
TCA,1023,115,398,914
TCC,390,94,149,316
TCG,271,129,174,303
TCT,640,90,251,562
ATA,72,26,28,54
ATC,59,22,25,46
ATG,84,31,33,64
ATT,113,39,39,78
CTA,17,6,8,14
CTC,82,29,29,58
CTG,42,15,17,32
CTT,96,33,32,65
GTA,31,11,12,23
GTC,38,13,14,27
GTG,49,18,18,35
GTT,61,21,21,42
TTA,89,35,36,69
TTC,105,36,35,70
TTG,56,20,21,40
TTT,218,77,74,148
ATA,264,103,120,217
ATC,98,38,43,78
ATG,217,84,99,176
ATT,263,102,116,211
CTA,128,46,50,94
CTC,116,43,45,86
CTG,138,52,60,108
CTT,156,57,59,114
GTA,84,33,38,68
GTC,60,23,26,48
GTG,82,32,39,69
GTT,94,35,40,73
TTA,129,49,55,100
TTC,94,36,39,72
TTG,80,31,35,64
TTT,137,53,60,109
ATA,76,26,26,52
ATC,71,25,23,48
ATG,91,33,34,65
ATT,179,61,57,118
CTA,36,13,13,25
CTC,62,22,22,44
CTG,64,23,24,47
CTT,138,48,47,94
GTA,28,10,10,20
GTC,24,8,8,17
GTG,52,19,20,39
GTT,56,19,18,37
TTA,89,31,31,62
TTC,120,42,41,82
TTG,95,34,35,67
TTT,261,91,89,178
